Rank,Name,Position,Team,ByeWeek,ProjectedPoints,Age,SuspendedGames,PlayerId
1,LeVeon Bell,RB,PIT,11,241.0428,22,2,2540175
2,Jamaal Charles,RB,KC,9,236.4963,28,0,925
3,Adrian Peterson,RB,MIN,5,233.0095,30,0,2507164
4,Eddie Lacy,RB,GB,7,231.1446,24,0,2540168
5,Antonio Brown,WR,PIT,11,224.2935,26,0,2508061
6,Marshawn Lynch,RB,SEA,9,228.1435,29,0,2495663
7,Demaryius Thomas,WR,DEN,7,214.5042,27,0,497328
8,Odell Beckham,WR,NYG,11,211.9978,22,0,2543496
9,Dez Bryant,WR,DAL,6,210.987,26,0,497278
10,Matt Forte,RB,CHI,7,214.2218,29,0,234
11,C.J. Anderson,RB,DEN,7,212.4048,24,0,2540269
12,Julio Jones,WR,ATL,10,203.6272,26,0,2495454
13,DeMarco Murray,RB,PHI,8,207.8207,27,0,2495207
14,Jordy Nelson,WR,GB,7,200.748,30,0,1032
15,Andrew Luck,QB,IND,10,360.0487,25,0,2533031
16,Rob Gronkowski,TE,NE,4,180.3157,26,0,497240
17,Calvin Johnson,WR,DET,9,199.9405,29,0,2495647
18,LeSean McCoy,RB,BUF,8,203.5414,26,0,79607
19,Jeremy Hill,RB,CIN,7,199.8187,22,0,2543603
20,Aaron Rodgers,QB,GB,7,347.0508,31,0,2506363
21,A.J. Green,WR,CIN,7,183.4499,26,0,2495450
22,Randall Cobb,WR,GB,7,181.5408,24,0,2495448
23,Justin Forsett,RB,BAL,9,184.9206,29,0,927
24,Alshon Jeffery,WR,CHI,7,177.9816,25,0,2533039
25,Mike Evans,WR,TB,6,173.7324,21,0,2543468
26,T.Y. Hilton,WR,IND,10,172.5874,25,0,2532865
27,Alfred Morris,RB,WAS,8,175.3521,26,0,2533457
28,Lamar Miller,RB,MIA,5,175.3463,24,0,2533034
29,Mark Ingram,RB,NO,11,172.0215,25,0,2495466
30,Frank Gore,RB,IND,10,170.4201,32,0,2506404
31,Melvin Gordon,RB,SD,10,170.0195,22,0,2552469
32,Carlos Hyde,RB,SF,10,169.1548,23,0,2543743
33,Emmanuel Sanders,WR,DEN,7,162.6503,28,0,497322
34,DeAndre Hopkins,WR,HOU,9,161.6232,23,0,2540165
35,Russell Wilson,QB,SEA,9,321.5749,26,0,2532975
36,Jimmy Graham,TE,SEA,9,141.5394,28,0,497236
37,Kelvin Benjamin,WR,CAR,5,155.403,24,0,2543471
38,Jordan Matthews,WR,PHI,8,155.2578,22,0,2543500
39,Brandin Cooks,WR,NO,11,155.0824,21,0,2543498
40,Andre Ellington,RB,ARI,9,160.6808,26,0,2539217
41,Latavius Murray,RB,OAK,6,156.9599,24,0,2541161
42,DeSean Jackson,WR,WAS,8,148.8906,28,0,1581
43,Peyton Manning,QB,DEN,7,308.4267,39,0,2501863
44,Joseph Randle,RB,DAL,6,152.4358,23,0,2540171
45,Jonathan Stewart,RB,CAR,5,151.8891,28,0,949
46,Todd Gurley,RB,STL,6,151.321,20,0,2552475
47,T.J. Yeldon,RB,JAC,8,150.7348,21,0,2552471
48,Greg Olsen,TE,CAR,5,123.987,30,0,2495700
49,Drew Brees,QB,NO,11,303.6579,36,0,2504775
50,Cam Newton,QB,CAR,5,303.5004,26,0,2495455
51,Golden Tate,WR,DET,9,143.0342,26,0,497326
52,Travis Kelce,TE,KC,9,123.1842,25,0,2540258
53,Keenan Allen,WR,SD,10,142.0104,23,0,2540154
54,Sammy Watkins,WR,BUF,8,141.2578,22,0,2543457
55,Ben Roethlisberger,QB,PIT,11,299.6876,33,0,2506109
56,Matt Ryan,QB,ATL,10,299.6131,30,0,310
57,Julian Edelman,WR,NE,4,139.2675,29,0,238498
58,Joique Bell,RB,DET,9,145.2292,28,0,497145
59,Brandon Marshall,WR,NYJ,5,138.2392,31,0,2495893
60,Andre Johnson,WR,IND,10,135.8578,33,0,2505551
61,LeGarrette Blount,RB,NE,4,142.1514,28,1,497149
62,Jeremy Maclin,WR,KC,9,133.3705,27,0,80429
63,Vincent Jackson,WR,TB,6,132.5736,32,0,2506400
64,Martellus Bennett,TE,CHI,7,111.9994,28,0,1062
65,Amari Cooper,WR,OAK,6,131.5322,21,0,2552487
66,Brandon LaFell,WR,NE,4,130.1104,28,0,497302
67,Martavis Bryant,WR,PIT,11,129.2342,23,0,2543572
68,Jarvis Landry,WR,MIA,5,128.0466,22,0,2543488
69,C.J. Spiller,RB,NO,11,134.0126,27,0,497204
70,Ryan Tannehill,QB,MIA,5,287.4323,26,0,2532956
71,Torrey Smith,WR,SF,10,127.409,26,0,2495459
72,Rashad Jennings,RB,NYG,11,133.3728,30,0,71345
73,Roddy White,WR,ATL,10,125.7854,33,0,2506366
74,Giovani Bernard,RB,CIN,7,131.9878,23,0,2540156
75,Tony Romo,QB,DAL,6,285.4675,35,0,2505354
76,Michael Floyd,WR,ARI,9,125.4043,25,0,2532841
77,Mike Wallace,WR,MIN,5,124.8295,28,0,2507763
78,Chris Ivory,RB,NYJ,5,130.8057,27,0,2507999
79,Zach Ertz,TE,PHI,8,104.1368,24,0,2540158
80,Anquan Boldin,WR,SF,10,123.6552,34,0,2505587
81,Allen Robinson,WR,JAC,8,123.4685,21,0,2543509
82,Jason Witten,TE,DAL,6,103.3644,33,0,2505629
83,Eric Decker,WR,NYJ,5,122.6503,28,0,497284
84,Arian Foster,RB,HOU,9,128.4834,28,0,79555
85,Nelson Agholor,WR,PHI,8,121.9236,22,0,2552600
86,Matthew Stafford,QB,DET,9,281.8372,27,0,79860
87,Isaiah Crowell,RB,CLE,11,128.2535,22,0,2550189
88,Julius Thomas,TE,JAC,8,101.3859,27,0,2495353
89,Larry Fitzgerald,WR,ARI,9,120.97,31,0,2506106
90,Eli Manning,QB,NYG,11,280.7394,34,0,2505996
91,Delanie Walker,TE,TEN,4,99.5565,30,0,2495966
92,Marques Colston,WR,NO,11,119.0439,32,0,2495821
93,Philip Rivers,QB,SD,10,279.0241,33,0,2506121
94,Charles Johnson,WR,MIN,5,118.1333,26,0,2541147
95,Buffalo Bills,DEF,BUF,8,143.1913,-1,0,100003
96,Steve Smith,WR,BAL,9,115.9105,36,0,2504595
97,Tevin Coleman,RB,ATL,10,121.8074,22,0,2552453
98,Dwayne Allen,TE,IND,10,95.3354,25,0,2533046
99,Jordan Cameron,TE,MIA,5,94.7659,26,0,2495267
100,Ameer Abdullah,RB,DET,9,120.4013,22,0,2552374
101,Colin Kaepernick,QB,SF,10,272.9761,27,0,2495186
102,Kendall Wright,WR,TEN,4,111.5767,25,0,2532977
103,John Brown,WR,ARI,9,111.4015,25,0,2543847
104,Seattle Seahawks,DEF,SEA,9,137.8088,-1,0,100030
105,Pierre Garcon,WR,WAS,8,110.8043,28,0,2346
106,Houston Texans,DEF,HOU,9,136.8887,-1,0,100013
107,Terrance Williams,WR,DAL,6,108.7753,25,0,2539205
108,Breshad Perriman,WR,BAL,9,108.5124,21,0,2552597
109,Devonta Freeman,RB,ATL,10,114.9036,23,0,2543583
110,Coby Fleener,TE,IND,10,88.5913,26,0,2532838
111,Antonio Gates,TE,SD,10,87.5949,35,4,2505299
112,Doug Martin,RB,TB,6,112.9437,26,0,2532899
113,Kevin White,WR,CHI,7,105.6677,22,0,2553432
114,Josh Hill,TE,NO,11,85.8035,25,0,2541834
115,Charles Clay,RB,BUF,8,84.9981,26,0,2495139
116,Stephen Gostkowski,K,NE,4,154.6963,31,0,2506922
117,Owen Daniels,TE,DEN,7,84.9137,32,0,2495825
118,Joe Flacco,QB,BAL,9,263.4094,30,0,382
119,Heath Miller,TE,PIT,11,83.474,32,0,2506369
120,Kenny Stills,WR,MIA,5,103.0765,23,0,2540202
121,Victor Cruz,WR,NYG,11,102.8154,28,0,2507855
122,Shane Vereen,RB,NYG,11,109.2168,26,0,2495473
123,Doug Baldwin,WR,SEA,9,102.5737,26,0,2530747
124,Rueben Randle,WR,NYG,11,102.0076,24,0,2533533
125,Tyler Eifert,TE,CIN,7,82.1218,24,0,2540148
126,Brian Quick,WR,STL,6,101.7579,26,0,2532933
127,Malcom Floyd,WR,SD,10,101.7386,33,0,2505785
128,Teddy Bridgewater,QB,MIN,5,261.7136,22,0,2543465
129,Kyle Rudolph,TE,MIN,5,80.9849,25,0,2495438
130,Larry Donnell,TE,NYG,11,80.8314,26,0,2537933
131,Bishop Sankey,RB,TEN,4,106.7825,22,0,2543682
132,Jay Cutler,QB,CHI,7,259.328,32,0,2495824
133,Justin Tucker,K,BAL,9,148.3007,25,0,2536340
134,Jared Cook,TE,STL,6,78.2624,28,0,71265
135,Mason Crosby,K,GB,7,147.945,30,0,2507232
136,Percy Harvin,WR,BUF,8,97.138,27,0,80425
137,Adam Vinatieri,K,IND,10,147.053,42,0,2503471
138,Vernon Davis,TE,SF,10,77.2823,31,0,2495826
139,Cody Parkey,K,PHI,8,146.7886,23,0,2550380
140,Austin Seferian-Jenkins,TE,TB,6,76.9858,22,0,2543683
141,Philadelphia Eagles,DEF,PHI,8,122.7228,-1,0,100025
142,Dwayne Bowe,WR,CLE,11,96.08,30,0,2495558
143,New England Patriots,DEF,NE,4,122.4018,-1,0,100021
144,Connor Barth,K,DEN,7,145.7199,29,0,2507463
145,DeVante Parker,WR,MIA,5,95.3837,22,0,2552409
146,Kenny Britt,WR,STL,6,95.3145,26,0,71217
147,Jordan Reed,TE,WAS,8,74.6091,24,0,2540160
148,Dan Bailey,K,DAL,6,143.836,27,0,2495259
149,St. Louis Rams,DEF,STL,6,120.2579,-1,0,100017
150,Davante Adams,WR,GB,7,93.2729,22,0,2543495
151,Steven Hauschka,K,SEA,9,143.0125,30,0,2507374
152,Kansas City Chiefs,DEF,KC,9,118.6271,-1,0,100016
153,Ryan Mathews,RB,PHI,8,97.2575,27,0,497188
154,Michael Crabtree,WR,OAK,6,90.3801,27,0,71269
155,Carolina Panthers,DEF,CAR,5,116.557,-1,0,100004
156,Carson Palmer,QB,ARI,9,249.7738,35,0,2505245
157,Andy Dalton,QB,CIN,7,249.5088,27,0,2495143
158,Matt Bryant,K,ATL,10,139.4982,40,0,2504797
159,Alfred Blue,RB,HOU,9,95.8703,24,0,2543600
160,Ladarius Green,TE,SD,10,69.5959,25,0,2532853
161,Marvin Jones,WR,CIN,7,89.275,25,0,2532884
162,Eric Ebron,TE,DET,9,69.2508,22,0,2543466
163,Darren McFadden,RB,DAL,6,95.2398,27,0,284
164,Green Bay Packers,DEF,GB,7,114.7023,-1,0,100011
165,Steve Johnson,WR,SD,10,88.0689,28,0,768
166,David Johnson,RB,ARI,9,94.2537,23,0,2553435
167,Arizona Cardinals,DEF,ARI,9,111.6657,-1,0,100026
168,Alex Smith,QB,KC,9,244.9197,31,0,2506340
169,Tre Mason,RB,STL,6,91.115,21,0,2543502
170,Jace Amaro,TE,NYJ,5,64.314,23,0,2543481
171,Dan Carpenter,K,BUF,8,133.9965,29,0,2507401
172,Tom Brady,QB,NE,4,243.307,37,4,2504211
173,Markus Wheaton,WR,PIT,11,83.2435,24,0,2539291
174,Baltimore Ravens,DEF,BAL,9,109.6317,-1,0,100002
175,Maxx Williams,TE,BAL,9,63.1443,21,0,2552468
176,Denver Broncos,DEF,DEN,7,109.279,-1,0,100009
177,Marcus Mariota,QB,TEN,4,242.3898,21,0,2552466
178,New York Giants,DEF,NYG,11,108.6734,-1,0,100023
179,Knile Davis,RB,KC,9,88.3263,23,0,2540178
180,Sam Bradford,QB,PHI,8,241.7317,27,0,497095
181,Mychal Rivera,TE,OAK,6,61.5273,24,0,2539995
182,Detroit Lions,DEF,DET,9,107.6846,-1,0,100010
183,Jameis Winston,QB,TB,6,241.1114,21,0,2552033
184,Miami Dolphins,DEF,MIA,5,107.6204,-1,0,100019
185,Darren Sproles,RB,PHI,8,87.466,32,0,2506467
186,Eddie Royal,WR,CHI,7,80.8116,29,0,1990
187,Duke Johnson,RB,CLE,11,86.9027,21,0,2552461
188,Caleb Sturgis,K,MIA,5,130.2318,25,0,2539637
189,Charles Sims,RB,TB,6,86.7069,24,0,2543770
190,Indianapolis Colts,DEF,IND,10,106.4707,-1,0,100014
191,Allen Hurns,WR,JAC,8,79.8537,23,0,2550353
192,San Francisco 49ers,DEF,SF,10,106.1281,-1,0,100029
193,Randy Bullock,K,HOU,9,129.3475,25,0,2533444
194,Dallas Cowboys,DEF,DAL,6,105.7323,-1,0,100008
195,Blair Walsh,K,MIN,5,129.0407,25,0,2532968
196,Cody Latimer,WR,DEN,7,78.8069,22,0,2543590
197,Phil Dawson,K,SF,10,128.8017,40,0,2500351
198,Josh Brown,K,NYG,11,128.7532,36,0,2505459
199,Nick Toon,WR,NO,11,78.2419,26,0,2532960
200,Richard Rodgers,TE,GB,7,58.4795,23,0,2550313
201,Donte Moncrief,WR,IND,10,77.8902,21,0,2543614
202,Chandler Catanzaro,K,ARI,9,127.726,24,0,2550325
203,Robert Griffin,QB,WAS,8,237.161,25,0,2533033
204,Tampa Bay Buccaneers,DEF,TB,6,103.3983,-1,0,100031
205,Blake Bortles,QB,JAC,8,236.5416,23,0,2543477
206,Jacksonville Jaguars,DEF,JAC,8,102.965,-1,0,100015
207,Nick Novak,K,SD,10,126.47,33,0,2506194
208,Matt Prater,K,DET,9,126.3343,30,0,2506677
209,Graham Gano,K,CAR,5,125.5838,28,0,71309
210,David Cobb,RB,TEN,4,82.0448,22,0,2552376
211,Danny Woodhead,RB,SD,10,81.8972,30,0,4327
212,Devin Funchess,WR,CAR,5,75.3787,21,0,2552458
213,Andrew Hawkins,WR,CLE,11,75.3073,29,0,2508097
214,Cairo Santos,K,KC,9,125.2213,23,0,2550636
215,Cleveland Browns,DEF,CLE,11,101.5819,-1,0,100007
216,Cole Beasley,WR,DAL,6,74.5653,26,0,2535698
217,Robert Woods,WR,BUF,8,74.4266,23,0,2540169
218,Mike Nugent,K,CIN,7,124.4103,33,0,2506386
219,Fred Jackson,RB,BUF,8,80.7774,34,0,2506871
220,Cincinnati Bengals,DEF,CIN,7,100.7341,-1,0,100006
221,Reggie Bush,RB,SF,10,80.6817,30,0,2506874
222,Rob Housler,TE,CLE,11,54.1625,27,0,2508112
223,New York Jets,DEF,NYJ,5,100.3355,-1,0,100024
224,Chicago Bears,DEF,CHI,7,100.0046,-1,0,100005
225,Tavon Austin,WR,STL,6,73.1849,24,0,2539336
226,Marqise Lee,WR,JAC,8,72.9301,23,0,2543475
227,Atlanta Falcons,DEF,ATL,10,99.2401,-1,0,100001
228,Greg Zuerlein,K,STL,6,122.6518,27,0,2534797
229,Roy Helu,RB,OAK,6,78.6657,26,0,2495161
230,Nick Folk,K,NYJ,5,122.0275,30,0,2507225
231,Minnesota Vikings,DEF,MIN,5,98.2631,-1,0,100020
232,Cecil Shorts,WR,HOU,9,71.3664,27,0,2495341
233,Greg Jennings,WR,MIA,5,70.7108,31,0,2495867
234,Niles Paul,TE,WAS,8,50.7723,25,0,2495211
235,Jermaine Kearse,WR,SEA,9,70.3169,25,0,2532887
236,Brian Hartline,WR,CLE,11,69.6732,28,0,81831
237,Phillip Dorsett,WR,IND,10,69.3661,22,0,2552424
238,Shaun Suisham,K,PIT,11,119.2306,33,0,2506149
239,Derek Carr,QB,OAK,6,229.0508,24,0,2543499
240,Jacob Tamme,TE,ATL,10,49.0212,30,0,324
241,Pittsburgh Steelers,DEF,PIT,11,95.0485,-1,0,100027
242,Nick Foles,QB,STL,6,228.3619,26,0,2532842
243,Terrance West,RB,CLE,11,73.9036,24,0,2543664
244,New Orleans Saints,DEF,NO,11,93.7557,-1,0,100022
245,Dan Herron,RB,IND,10,73.1423,26,0,2532864
246,Nate Washington,WR,HOU,9,66.6073,31,0,2506313
247,Brent Celek,TE,PHI,8,46.7527,30,0,2507218
248,Garrett Graham,TE,HOU,9,46.5202,28,0,497234
249,Kai Forbath,K,WAS,8,116.0016,27,0,2495150
250,Virgil Green,TE,DEN,7,45.9344,26,0,2495288
251,Tennessee Titans,DEF,TEN,4,92.1629,-1,0,100012
252,Montee Ball,RB,DEN,7,72.0111,24,0,2539341
253,Cordarrelle Patterson,WR,MIN,5,65.4172,24,0,2540145
254,Sebastian Janikowski,K,OAK,6,115.1937,37,0,2504257
255,Dorial Green-Beckham,WR,TEN,4,65.1313,22,0,2552491
256,Stedman Bailey,WR,STL,6,65.1241,24,0,2540157
257,Patrick Murray,K,TB,6,114.4697,24,0,2543533
258,Denard Robinson,RB,JAC,8,70.9123,24,0,2539260
259,Dustin Hopkins,K,NO,11,114.267,24,0,2539227
260,Lance Kendricks,TE,STL,6,44.2067,27,0,2495187
261,Mohamed Sanu,WR,CIN,7,63.8684,25,0,2533040
262,Benjamin Watson,TE,NO,11,43.7785,34,0,2506122
263,Andre Roberts,WR,WAS,8,62.6481,27,0,497320
264,Andre Williams,RB,NYG,11,69.0996,22,0,2543565
265,Jarius Wright,WR,MIN,5,61.9172,25,0,2532978
266,Tyler Lockett,WR,SEA,9,61.8903,22,0,2552430
267,Taylor Gabriel,WR,CLE,11,61.4975,24,0,2550617
268,Clive Walford,TE,OAK,6,41.3939,23,0,2552397
269,Jaelen Strong,WR,HOU,9,60.8046,21,0,2552463
270,Scott Chandler,TE,NE,4,41.0547,29,0,2495573
271,Jay Ajayi,RB,MIA,5,66.644,22,0,2552582
272,Andrew Quarless,TE,GB,7,40.4042,26,0,497258
273,DeAngelo Williams,RB,PIT,11,66.1431,32,0,2495979
274,Josh Scobee,K,JAC,8,109.6249,33,0,2506063
275,San Diego Chargers,DEF,SD,10,85.2407,-1,0,100028
276,Lorenzo Taliaferro,RB,BAL,9,65.0509,23,0,2543704
277,James Starks,RB,GB,7,64.8637,29,0,497206
278,Crockett Gillmore,TE,BAL,9,38.2061,23,0,2543794
279,Devin Smith,WR,NYJ,5,57.9226,23,0,2553434
281,Harry Douglas,WR,TEN,4,57.29,30,0,222
282,Ryan Succop,K,TEN,4,107.2389,28,0,89802
283,Robbie Gould,K,CHI,7,107.1147,32,0,2506264
284,Stevan Ridley,RB,NYJ,5,63.3125,26,0,2495470
285,Jeff Cumberland,TE,NYJ,5,37.0386,28,0,2507883
286,Jermaine Gresham,TE,CIN,7,36.6295,27,0,497238
287,Lance Dunbar,RB,DAL,6,62.5398,25,0,2535708
288,Marcedes Lewis,TE,JAC,8,36.0573,31,0,2495888
289,Gavin Escobar,TE,DAL,6,35.9635,24,0,2540211
290,Dennis Pitta,TE,BAL,9,35.9027,30,0,497254
291,Rod Streater,WR,OAK,6,55.1318,27,0,2535869
292,Danny Amendola,WR,NE,4,54.7914,29,0,2649
293,James White,RB,NE,4,60.9014,23,0,2543773
294,Troy Niklas,TE,ARI,9,34.548,22,0,2543628
295,Matt Jones,RB,WAS,8,60.3859,22,0,2552635
296,Javorius Allen,RB,BAL,9,59.9467,23,0,2552631
297,Chris Conley,WR,KC,9,52.1865,22,0,2552652
298,Andre Holmes,WR,OAK,6,51.8814,27,0,2495453
299,Luke Willson,TE,SEA,9,32.1217,25,0,2541199
300,Washington Redskins,DEF,WAS,8,77.668,-1,0,100032
301,Jerick McKinnon,RB,MIN,5,57.644,23,0,2543715
302,DeAnthony Thomas,WR,KC,9,50.6761,22,0,2543638
303,Theo Riddick,RB,DET,9,56.9638,24,0,2540020
304,Riley Cooper,WR,PHI,8,50.2844,27,0,497282
305,Josh Huff,WR,PHI,8,50.0307,23,0,2543746
306,Albert Wilson,WR,KC,9,49.9768,22,0,2550272
307,Kamar Aiken,WR,BAL,9,49.5505,26,0,2530660
308,Devin Hester,WR,ATL,10,49.3592,32,0,2506897
309,Justin Hunter,WR,TEN,4,48.9178,24,0,2540151
310,Dion Sims,TE,MIA,5,29.0853,24,0,2540200
311,Jonas Gray,RB,NE,4,54.6034,25,0,2533030
312,Justin Hardy,WR,ATL,10,48.0793,23,0,2552418
313,Tim Wright,TE,NE,4,28.2309,25,0,2541768
314,Jerricho Cotchery,WR,CAR,5,47.585,33,0,2506004
315,Jeremy Kerley,WR,NYJ,5,47.5027,26,0,2495189
316,Levine Toilolo,TE,ATL,10,26.9572,23,0,2540203
317,Robert Turbin,RB,SEA,9,53.1106,25,0,2533460
318,Branden Oliver,RB,SD,10,52.5613,24,0,2550658
319,Marlon Brown,WR,BAL,9,45.7832,24,0,2540005
320,Philly Brown,WR,CAR,5,44.1932,23,0,2550546
321,Khiry Robinson,RB,NO,11,50.1526,25,0,2542022
322,Anthony Fasano,TE,TEN,4,23.0014,31,0,2495835
323,Pierre Thomas,RB,NO,11,48.2219,30,0,2507141
324,Antone Smith,RB,ATL,10,47.528,29,0,89798
325,Dexter McCluster,RB,TEN,4,47.3888,26,0,497190
326,Chris Polk,RB,HOU,9,47.2446,25,0,2533037
327,Daniel Fells,TE,NYG,11,20.9607,31,0,2506619
328,Hakeem Nicks,WR,TEN,4,40.5776,27,0,80672
329,Chris Matthews,WR,SEA,9,40.4645,25,0,2531049
330,Benny Cunningham,RB,STL,6,46.8829,24,0,2541544
332,Wes Welker,WR,DEN,7,40.0441,34,0,2505790
333,Travis Coons,K,CLE,11,89.921,23,0,2550551
334,Cameron Artis-Payne,RB,CAR,5,45.6528,23,0,2552375
336,Bilal Powell,RB,NYJ,5,45.4592,26,0,2495328
337,Tyler Kroft,TE,CIN,7,19.1995,22,0,2552586
338,Ed Dickson,TE,CAR,5,18.9539,27,0,497224
339,Brandon Myers,TE,TB,6,18.8938,29,0,89766
340,David Johnson,TE,SD,10,18.6744,27,0,79589
341,Joseph Fauria,TE,DET,9,18.3446,25,0,2539327
342,Oakland Raiders,DEF,OAK,6,64.32,-1,0,100018
343,Brandon Pettigrew,TE,DET,9,17.9286,30,0,71431
344,Tony Moeaki,TE,ATL,10,17.6719,28,0,497256
345,Zach Miller,TE,SEA,9,17.5838,29,0,2507170
346,Ray Rice,RB,BAL,9,43.8019,28,0,941
347,Leonard Hankerson,WR,ATL,10,37.2804,27,0,2495158
348,C.J. Fiedorowicz,TE,HOU,9,17.1644,23,0,2543721
349,Marquess Wilson,WR,CHI,7,36.7508,22,0,2540177
350,Louis Murphy,WR,TB,6,36.3796,28,0,80670
351,Chase Ford,TE,MIN,5,16.5914,24,0,2534244
352,Knowshon Moreno,RB,MIA,5,42.6811,27,0,79619
353,Gary Barnidge,TE,CLE,11,15.8883,29,0,1060
354,Bobby Rainey,RB,TB,6,41.8709,27,0,2534571
355,Zac Stacy,RB,NYJ,5,41.6166,24,0,2540273
356,Reggie Wayne,WR,IND,10,34.8617,36,0,2504747
357,Mike Tolbert,RB,CAR,5,41.3569,29,0,2507428
358,Bruce Ellington,WR,SF,10,34.652,23,0,2543646
359,MyCole Pruitt,TE,MIN,5,14.8434,23,0,2552401
360,Jesse James,TE,PIT,11,14.8144,21,0,2552633
361,Sammie Coates,WR,PIT,11,33.7719,22,0,2552470
362,Clay Harbor,TE,JAC,8,13.6384,27,0,497242
363,Toby Gerhart,RB,JAC,8,39.8163,28,0,497176
364,Ryan Griffin,TE,HOU,9,13.5378,25,0,2541316
365,Darren Fells,TE,ARI,9,13.4236,29,0,2540928
366,James Casey,TE,DEN,7,13.3171,30,0,71247
367,James Jones,WR,OAK,6,33.0332,31,0,2507183
368,Rhett Ellison,TE,MIN,5,13.1619,26,0,2532835
369,Chris Johnson,RB,NYJ,5,38.7006,29,0,262
370,Zach Miller,TE,CHI,7,12.335,30,0,238457
371,Ronnie Hillman,RB,DEN,7,38.3776,23,0,2533437
372,Demetrius Harris,TE,KC,9,12.1559,23,0,2541187
373,James OShaughnessy,TE,KC,9,11.9338,23,0,2553318
374,Jack Doyle,TE,IND,10,11.3924,25,0,2540232
375,Brandon Coleman,WR,NO,11,31.0357,23,0,2550328
376,Matt Asiata,RB,MIN,5,37.3105,27,0,2495258
377,Jacquizz Rodgers,RB,CHI,7,37.2126,25,0,2495471
378,Logan Paulsen,TE,WAS,8,10.7336,28,0,2507828
379,Jim Dray,TE,CLE,11,10.6841,28,0,497226
380,Jeremy Ross,WR,DET,9,30.0599,27,0,2530598
381,Matt Spaeth,TE,PIT,11,9.6506,30,0,2507182
382,Vance McDonald,TE,SF,10,9.6455,25,0,2540215
383,MarQueis Gray,TE,BUF,8,9.6276,24,0,2540259
384,Jeff Heuerman,TE,DEN,7,9.6043,22,0,2552399
385,Damien Williams,RB,MIA,5,35.7409,23,0,2550512
386,Corey Fuller,WR,DET,9,28.9197,25,0,2540261
387,Chris Hogan,WR,BUF,8,28.8693,26,0,2530515
388,Chris Gragg,TE,BUF,8,9.0206,25,0,2539202
389,Quinton Patton,WR,SF,10,28.7205,24,0,2539250
390,Dante Rosario,TE,CHI,7,8.9963,30,0,2495724
391,Dri Archer,RB,PIT,11,27.85,23,0,2543596
391,Dri Archer,RB,PIT,11,27.85,23,0,2543596
392,Cooper Helfet,TE,SEA,9,7.8213,26,0,2536071
393,Marcel Reece,RB,OAK,6,33.8724,30,0,4433
394,Christine Michael,RB,SEA,9,33.8407,24,0,2539322
395,Kennard Backman,TE,GB,7,7.5431,22,0,2553292
396,Craig Stevens,TE,TEN,4,7.4083,30,0,1992
397,Randall Telfer,TE,CLE,11,7.1912,23,0,2552660
398,Trent Richardson,RB,OAK,6,33.3815,23,0,2533032
399,Paul Richardson,WR,SEA,9,26.7291,23,0,2543491
400,Steven Jackson,RB,ATL,10,33.1708,31,0,2505936
402,Preston Parker,WR,NYG,11,26.1373,28,0,497312
403,Adrien Robinson,TE,NYG,11,6.1386,26,0,2534752
404,Blake Bell,TE,SF,10,6.062,23,0,2552478
405,James Hanna,TE,DAL,6,6.0305,25,0,2533028
406,Travaris Cadet,RB,NE,4,32.1799,26,0,2535890
407,Jaron Brown,WR,ARI,9,25.6172,25,0,2541966
408,Nick OLeary,TE,BUF,8,5.4458,22,0,2552403
409,Brandon Lloyd,WR,SF,10,25.15,33,0,2505600
410,Gerell Robinson,TE,MIA,5,5.3902,25,0,2532941
411,Michael Hoomanawanui,TE,NE,4,5.3034,26,0,497246
412,Lee Smith,TE,OAK,6,5.2473,27,0,2495347
413,Aaron Dobson,WR,NE,4,24.9604,23,0,2539256
414,Fred Davis,TE,NE,4,5.0602,29,0,216
415,Cory Harkey,TE,STL,6,5.0575,25,0,2533353
416,Vince Mayle,WR,CLE,11,24.712,24,0,2552431
417,Anthony McCoy,TE,SEA,9,4.9372,27,0,497250
418,C.J. Uzomah,TE,CIN,7,4.7023,22,0,2552559
419,Joseph Morgan,WR,NO,11,24.1939,27,0,2530720
420,Geno Smith,QB,NYJ,5,183.984,24,0,2539335
421,John Phillips,TE,SD,10,4.2331,28,0,71435
422,Nick Boyle,TE,BAL,9,4.1774,22,0,2552402
423,Derek Carrier,TE,SF,10,4.1546,24,0,2534241
425,Jason Avant,WR,KC,9,23.74,32,0,2495802
426,Malcolm Johnson,TE,CLE,11,4.0092,22,0,2553446
427,Taylor Thompson,TE,TEN,4,3.9542,25,0,2534742
428,Gerald Christian,TE,ARI,9,3.8843,23,0,2552462
429,Luke Stocker,TE,TB,6,3.855,26,0,2495234
430,Bear Pascoe,TE,CHI,7,3.8053,29,0,79625
431,Trey Burton,TE,PHI,8,3.724,23,0,2550284
432,Michael Campanaro,WR,BAL,9,23.3834,24,0,2550163
433,Orson Charles,TE,NO,11,3.6374,24,0,2533047
435,Juwan Thompson,RB,DEN,7,29.782,23,0,2550263
436,Rashad Greene,WR,JAC,8,23.1791,22,0,2552425
437,Ben Koyack,TE,JAC,8,3.4492,22,0,2552396
438,Brandon Williams,TE,CAR,5,3.3556,26,0,2539645
439,Garrett Celek,TE,SF,10,3.3315,27,0,2534820
440,Kellen Davis,TE,NYJ,5,3.308,29,0,2507486
441,KaDeem Carey,RB,CHI,7,29.3772,22,0,2543551
442,Ryan Hewitt,TE,CIN,7,3.0366,24,0,2550206
444,Miles Austin,WR,PHI,8,22.6726,31,0,2495801
445,Ty Montgomery,WR,GB,7,22.5073,22,0,2552429
446,Geoff Swaim,TE,DAL,6,2.7657,24,0,2553454
447,Rory Anderson,TE,SF,10,2.6586,22,0,2553465
450,Brandon Gibson,WR,NE,4,22.2209,27,0,81288
451,Jonathan Grimes,RB,HOU,9,28.7161,25,0,2534770
452,J.J. Nelson,WR,ARI,9,22.0808,23,0,2552656
453,Brian Leonhardt,TE,OAK,6,2.2991,25,0,2541512
454,Fozzy Whittaker,RB,CAR,5,28.4913,26,0,2540037
455,Kevin Brock,TE,CIN,7,2.2146,29,0,89688
456,Brandon Bostick,TE,MIN,5,2.1896,26,0,2536342
457,A.J. Derby,TE,NE,4,2.1258,23,0,2552580
458,Jeff Janis,WR,GB,7,21.7722,24,0,2543750
459,Arthur Lynch,TE,MIA,5,1.6023,25,0,2543714
460,Ahmad Bradshaw,RB,IND,10,27.788,29,1,2495560
461,Joe Don Duncan,RB,DEN,7,1.5201,24,0,2553191
462,Richard Gordon,TE,KC,9,1.4353,28,0,2499255
465,Seantavius Jones,WR,NO,11,20.6117,22,0,2550359
466,Zach Sudfeld,TE,NYJ,5,0.8871,26,0,2541151
467,Kenny Bell,WR,TB,6,20.5567,23,0,2552421
469,Josh Robinson,RB,IND,10,27.0002,22,0,2553462
470,Ted Ginn,WR,CAR,5,20.4569,30,0,2507166
472,Marcel Jensen,TE,DEN,7,0.231,25,0,2550356
473,Rob Blanchflower,TE,PIT,11,0.1848,25,0,2543728
474,Josh McCown,QB,CLE,11,179.6335,35,0,2505076
475,Travis Benjamin,WR,CLE,11,19.2944,25,0,2532790
476,Jordan Todman,RB,CAR,5,25.7085,25,0,2495472
477,Damaris Johnson,WR,HOU,9,18.4875,25,0,2536031
478,Jeremy Langford,RB,CHI,7,24.8011,23,0,2552379
479,Kendall Hunter,RB,SF,10,24.7661,26,0,2495172
480,Devin Street,WR,DAL,6,18.0067,24,0,2543641
481,Jamison Crowder,WR,WAS,8,17.9671,22,0,2552415
482,Jacoby Jones,WR,SD,10,17.2619,30,0,2495651
483,Stepfan Taylor,RB,ARI,9,23.6688,24,0,2539315
484,Lance Moore,WR,DET,9,17.0994,31,0,2506287
485,Ricardo Lockette,WR,SEA,9,16.9828,29,0,2495306
486,Dontrelle Inman,WR,SD,10,16.7665,26,0,2530700
487,Chris Givens,WR,STL,6,16.5108,25,0,2535634
488,Denarius Moore,WR,CIN,7,16.4409,26,0,2495315
489,Jerome Simpson,WR,SF,10,15.9128,29,0,318
490,Donnie Avery,WR,KC,9,15.5727,31,0,184
491,Darrel Young,RB,WAS,8,21.8593,28,0,2507737
492,Kerwynn Williams,RB,ARI,9,21.8159,24,0,2539980
495,Kenbrell Thompkins,WR,OAK,6,14.9574,26,0,2539214
496,Donald Brown,RB,SD,10,21.3311,28,0,2507779
497,Stefon Diggs,WR,MIN,5,14.7921,21,0,2552608
498,Rishard Matthews,WR,MIA,5,14.7576,25,0,2532903
499,Silas Redd,RB,WAS,8,21.1864,23,0,2550529
500,T.J. Jones,WR,DET,9,14.31,22,0,2543836
501,Andre Caldwell,WR,DEN,7,13.9958,30,0,206
502,Brice Butler,WR,OAK,6,13.6121,25,0,2541388
503,Ryan Grant,WR,WAS,8,13.2308,24,0,2543759
504,Brandon Bolden,RB,NE,4,19.6803,25,0,2532797
505,Peyton Hillis,RB,NYG,11,19.55,29,0,1980
506,Ben Tate,RB,PIT,11,19.361,26,0,497208
507,Austin Pettis,WR,SD,10,12.8555,27,0,2495212
508,Karlos Williams,RB,BUF,8,19.3026,22,0,2552380
509,Jerrel Jernigan,WR,NYG,11,12.6507,26,0,2495179
510,Corey Washington,WR,NYG,11,12.6412,23,0,2550413
511,Jarrett Boykin,WR,CAR,5,12.4859,25,0,2532799
513,Ace Sanders,WR,JAC,8,12.211,23,0,2540267
515,Duron Carter,WR,IND,10,12.1693,24,0,2552616
516,Brandon Tate,WR,CIN,7,11.9979,27,0,81306
517,Mike Davis,RB,SF,10,18.3291,22,0,2553439
518,Derek Hagan,WR,TEN,4,11.5823,30,0,2495843
519,Darren Waller,WR,BAL,9,11.4338,22,0,2552408
520,Dwayne Harris,WR,NYG,11,11.2913,27,0,2495159
521,Marquise Goodwin,WR,BUF,8,11.2773,24,0,2539964
522,Anthony Dixon,RB,BUF,8,17.3631,27,0,497172
523,Antonio Andrews,RB,TEN,4,17.3283,22,0,2550474
524,Damian Williams,WR,STL,6,10.4794,27,0,497336
525,Brenton Bersin,WR,CAR,5,10.3116,25,0,2535966
526,DeAndre Smelter,WR,SF,10,10.0552,23,0,2552627
527,Kyle Juszczyk,RB,BAL,9,16.5347,24,0,2540230
529,Eric Weems,WR,ATL,10,9.5915,29,0,2507029
530,Bruce Miller,RB,SF,10,15.9883,27,0,2495314
531,John Kuhn,RB,GB,7,15.865,32,0,2506147
532,Thomas Rawls,RB,SEA,9,15.7327,21,0,2553733
533,Vick Ballard,RB,IND,10,15.6712,24,0,2533012
535,Santana Moss,WR,WAS,8,9.1,36,0,2504743
536,Dion Lewis,RB,NE,4,15.5744,24,0,2495469
537,Shonn Greene,RB,TEN,4,15.5439,29,0,79563
538,Kevin Norwood,WR,SEA,9,9.0312,25,0,2543689
539,Leon Washington,RB,TEN,4,15.5022,32,0,2495967
540,Bernard Pierce,RB,JAC,8,15.363,24,0,2533545
542,Junior Hemingway,WR,KC,9,8.7044,26,0,2532862
543,Kenny Hilliard,RB,HOU,9,14.9482,23,0,2552476
544,Robert Herron,WR,TB,6,8.3622,23,0,2543777
545,Neal Sterling,WR,JAC,8,8.0329,23,0,2553451
546,Vincent Brown,WR,IND,10,7.9907,26,0,2508115
547,Evan Spencer,WR,WAS,8,7.8528,22,0,2553289
548,Tre McBride,WR,TEN,4,7.6932,22,0,2552428
549,Adam Thielen,WR,MIN,5,7.5396,24,0,2541785
550,Keith Mumphery,WR,HOU,9,7.5192,23,0,2552420
551,Daniel Thomas,RB,MIA,5,13.842,27,0,2495241
552,Zurlon Tipton,RB,IND,10,13.8353,25,0,2550407
554,Bryce Brown,RB,BUF,8,13.572,24,0,2534796
555,Mario Alford,WR,CIN,7,6.9879,24,0,2552650
556,Griff Whalen,WR,IND,10,6.9262,25,0,2535876
557,Josh Morgan,WR,NO,11,6.5078,30,0,832
558,Darrius Heyward-Bey,WR,PIT,11,6.4567,28,0,80427
559,T.J. Graham,WR,NYJ,5,6.3481,25,0,2532850
560,Marion Grice,RB,ARI,9,12.5571,22,0,2543690
561,Jalen Saunders,WR,NO,11,6.05,22,0,2543745
562,Chris Owusu,WR,NYJ,5,5.906,25,0,2532923
563,Ryan Broyles,WR,DET,9,5.8987,27,0,2532807
564,Justin Blackmon,WR,JAC,8,5.8108,25,0,2533038
566,Russell Shepard,WR,TB,6,5.7743,24,0,2541944
567,Jared Abbrederis,WR,GB,7,5.7363,24,0,2543774
568,Robert Meachem,WR,NO,11,5.7111,30,0,2495676
569,Josh Boyce,WR,NE,4,5.5969,25,0,2540181
570,Geremy Davis,WR,NYG,11,5.3154,23,0,2552654
571,A.J. Jenkins,WR,DAL,6,5.2629,24,0,2532876
572,Keshawn Martin,WR,HOU,9,5.2151,25,0,2532900
574,Brian Tyms,WR,NE,4,4.7181,26,0,2535522
575,Jay Feely,K,CHI,7,54.7085,39,0,2504343
579,Anthony Sherman,RB,KC,9,10.9746,26,0,2495340
580,Aldrick Robinson,WR,BAL,9,4.4135,26,0,2495331
581,Bud Sasser,WR,STL,6,4.3647,23,0,2553352
582,Fitzgerald Toussaint,RB,BAL,9,10.8564,25,0,2550738
583,Jalston Fowler,RB,TEN,4,10.8224,22,0,2552464
584,Rex Burkhead,RB,CIN,7,10.7895,24,0,2539265
586,Kaelin Clay,WR,TB,6,4.0961,23,0,2552651
589,Jeff Maehl,WR,PHI,8,3.5705,26,0,2530713
590,Kris Durham,WR,OAK,6,3.42,27,0,2499248
591,DeVier Posey,WR,NYJ,5,3.3188,25,0,2532930
594,Marlon Moore,WR,CLE,11,3.1012,27,0,2507902
595,Frankie Hammond,WR,KC,9,3.0998,45,0,2541828
596,James Wright,WR,CIN,7,3.0745,23,0,2550162
597,Joe Banyard,RB,MIN,5,9.4709,26,0,2535696
598,Chris Thompson,RB,WAS,8,9.4198,24,0,2540011
599,Marc Mariani,WR,CHI,7,2.9163,28,0,1037885
600,Andre Debose,WR,OAK,6,2.8224,24,0,2553453
602,Mike James,RB,TB,6,9.2544,24,0,2540224
604,Seyi Ajirotutu,WR,PHI,8,2.6274,28,0,497260
605,Isaiah Burse,WR,DEN,7,2.5397,23,0,2550182
606,Erik Lorig,RB,NO,11,9.012,28,0,496812
608,Derrick Coleman,RB,SEA,9,8.9892,24,0,2534871
610,Storm Johnson,RB,JAC,8,8.9022,22,0,2543570
611,LaRon Byrd,WR,MIA,5,2.3886,25,0,2532809
612,DuJuan Harris,RB,MIN,5,8.8491,26,0,2530690
613,LaMichael James,RB,MIA,5,8.7232,25,0,2533036
615,Josh Harris,RB,PIT,11,8.5616,24,0,2551247
616,Lache Seastrunk,RB,DAL,6,8.227,23,0,2543559
621,Josh Bellamy,WR,CHI,7,1.5409,26,0,2535964
622,Mike Brown,WR,CAR,5,1.4008,26,0,2535882
626,Ryan Williams,RB,DAL,6,7.5888,25,0,2495474
630,Patrick DiMarco,RB,ATL,10,7.2262,26,0,2530763
631,Isaiah Pead,RB,STL,6,7.0766,25,0,2532926
633,Marcus Harris,WR,NYG,11,0.5542,26,0,2530959
634,Ronnie Brown,RB,SD,10,6.9483,33,0,2506341
635,George Winn,RB,DET,9,6.74,24,0,2541910
636,John Crockett,RB,GB,7,6.706,23,0,2553511
637,Jay Prosch,RB,HOU,9,6.6752,22,0,2543695
638,Jacoby Ford,WR,TEN,4,0.1482,27,0,497288
640,Orleans Darkwa,RB,NYG,11,6.5213,23,0,2550481
641,Henry Hynoski,RB,NYG,11,6.4111,26,0,2530699
643,Jorvorskie Lane,RB,TB,6,6.3303,28,0,2536532
644,Cedric Peerman,RB,CIN,7,5.8691,28,0,79629
645,Edwin Baker,RB,NO,11,5.7856,24,0,2533540
646,James Develin,RB,NE,4,5.7177,26,0,2508101
647,Jerome Felton,RB,BUF,8,5.575,28,0,230
648,Will Johnson,RB,PIT,11,5.4185,25,0,163982
649,Rajion Neal,RB,GB,7,5.3854,23,0,2550233
650,Jed Collins,RB,DAL,6,5.3738,29,0,4231
651,Trey Watts,RB,STL,6,5.3469,24,4,2550448
652,Tommy Bohanon,RB,NYJ,5,5.2965,24,0,2540225
653,Robert Hughes,RB,ARI,9,5.2472,26,0,2530516
654,Cyrus Gray,RB,KC,9,5.1932,25,0,2532851
655,Mike Gillislee,RB,MIA,5,5.091,24,0,2539663
656,Tyler Clutts,RB,DAL,6,5.0705,30,0,2508096
657,Marcus Murphy,RB,NO,11,4.8807,23,0,2552647
658,Michael Burton,RB,DET,9,4.8559,23,0,2552636
659,Tyler Gaffney,RB,NE,4,4.8262,24,0,2543655
662,Zach Zenner,RB,DET,9,4.3168,23,0,2553631
664,Alfonso Smith,RB,SF,10,4.1613,28,0,2507897
666,Shaun Draughn,RB,CLE,11,3.9508,27,0,2495461
667,Charcandrick West,RB,KC,9,3.7796,24,0,2550268
668,Jerome Smith,RB,ATL,10,3.1369,24,0,2550255
672,Darrin Reaves,RB,CAR,5,2.8759,22,0,2550596
673,Daryl Richardson,RB,NYJ,5,2.7256,25,0,2534789
674,Tim Hightower,RB,NO,11,2.1716,29,0,4383
676,Jeremy Stewart,RB,DEN,7,2.0616,26,0,2536056
679,Matthew Tucker,RB,PHI,8,1.8188,24,0,2540274
680,Austin Johnson,RB,NO,11,1.5953,26,0,2534437
681,Senorise Perry,RB,CHI,7,1.4809,23,0,2550633
682,Jamize Olawale,RB,OAK,6,1.1174,26,0,2536044
686,Kenjon Barner,RB,PHI,8,0.624,26,0,2539289
687,Aaron Ripkowski,RB,GB,7,0.5235,23,0,2552477
690,James Wilder,RB,CIN,7,0.1885,23,0,2550271
692,Chase Reynolds,RB,STL,6,0.1463,27,0,2531218
693,Brian Hoyer,QB,HOU,9,142.778,29,0,81294
695,Garrett Hartley,K,CLE,11,31.3785,29,0,4381
696,Matt Cassel,QB,BUF,8,139.5001,33,0,2506562
697,Shayne Graham,K,NO,11,24.67,37,0,2504162
700,Brandon McManus,K,DEN,7,6.2047,23,0,2541556
701,Ryan Fitzpatrick,QB,NYJ,5,69.689,32,0,2506581
702,EJ Manuel,QB,BUF,8,67.9137,25,0,2539228
703,Ryan Mallett,QB,HOU,9,62.652,27,0,2495443
704,Jimmy Garoppolo,QB,NE,4,57.0252,23,0,2543801
705,Tyrod Taylor,QB,BUF,8,50.8031,25,0,2495240
706,Mark Sanchez,QB,PHI,8,46.0042,28,0,79858
707,Johnny Manziel,QB,CLE,11,44.643,22,0,2543462
709,Kirk Cousins,QB,WAS,8,25.2113,26,0,2532820
710,Michael Vick,QB,NYJ,5,23.791,35,0,2504531
711,Zach Mettenberger,QB,TEN,4,20.162,23,0,2543605
712,Drew Stanton,QB,ARI,9,16.5842,31,0,2495748
713,Chad Henne,QB,JAC,8,14.1113,29,0,252
714,Mike Glennon,QB,TB,6,13.2807,25,0,2539275
715,Shaun Hill,QB,MIN,5,12.9344,35,0,2504833
716,Jimmy Clausen,QB,CHI,7,12.4031,26,0,497108
717,Austin Davis,QB,STL,6,12.2901,26,0,2533349
718,Derek Anderson,QB,CAR,5,12.2113,32,0,2506546
719,Colt McCoy,QB,WAS,8,11.9007,28,0,497123
720,Matt Flynn,QB,GB,7,11.6251,30,0,367
721,Brandon Weeden,QB,DAL,6,11.2249,31,0,2532970
722,Case Keenum,QB,STL,6,10.7646,27,0,2532888
723,Bryce Petty,QB,NYJ,5,10.6066,24,0,2552369
724,Tim Tebow,QB,PHI,8,10.1839,27,0,497135
725,Charlie Whitehurst,QB,TEN,4,9.4551,32,0,2495974
726,Matt Hasselbeck,QB,IND,10,9.083,39,0,2501078
727,Blaine Gabbert,QB,SF,10,8.8523,25,0,2495441
728,Brock Osweiler,QB,DEN,7,8.5284,24,0,2533436
729,Matt McGloin,QB,OAK,6,8.3459,25,0,2542065
730,Tom Savage,QB,HOU,9,8.207,25,0,2543640
731,Chase Daniel,QB,KC,9,7.4776,28,0,81284
732,Scott Tolzien,QB,GB,7,7.104,27,0,2495425
733,B.J. Daniels,WR,SEA,9,6.787,25,0,2541429
734,Bruce Gradkowski,QB,PIT,11,6.2907,32,0,2495838
735,Matt Barkley,QB,PHI,8,6.1469,24,0,2539308
736,Christian Ponder,QB,OAK,6,5.8884,27,0,2495215
737,Kellen Clemens,QB,SD,10,4.8659,32,0,2506895
739,Matt Schaub,QB,BAL,9,4.6576,34,0,2505982
740,Ryan Nassib,QB,NYG,11,4.2742,25,0,2539961
741,Thad Lewis,QB,CLE,11,3.9673,27,0,497121
742,Garrett Grayson,QB,NO,11,3.8575,24,0,2552371
743,Matt Moore,QB,MIA,5,3.3815,30,0,2507282
744,Sean Mannion,QB,STL,6,3.1454,23,0,2552576
745,T.J. Yates,QB,ATL,10,3.1303,28,0,2508123
746,Luke McCown,QB,NO,11,3.1066,33,0,2506053
747,Logan Thomas,QB,ARI,9,2.8947,24,0,2543767
748,Dan Orlovsky,QB,DET,9,2.7502,31,0,2506481
749,Tarvaris Jackson,QB,SEA,9,2.7495,32,0,2495863
751,Brett Hundley,QB,GB,7,2.0411,22,0,2552588
753,Connor Shaw,QB,CLE,11,0.0754,23,0,2550252
755,Nick Kasa,TE,OAK,6,0,24,0,2540233
755,DaRick Rogers,WR,KC,9,0,24,0,2540179
755,Ifeanyi Momah,WR,ARI,9,0,25,0,2541096
755,Stephen Hill,WR,CAR,5,0,24,0,2533537
755,Solomon Patton,WR,DEN,7,0,24,0,2550500
755,Garrett Gilbert,QB,NE,4,0,24,0,2549982
755,Matt Simms,QB,BUF,8,0,26,0,2534889
